,AUC,Accuracy,F1
Logistic Regression,0.7668238962936865,0.701,0.47079646017699117
Random Forest,0.7384442748191207,0.776,0.422680412371134
XGBoost,0.7279731731026429,0.756,0.4019607843137255
